"n","rep","bb_ms","approx_ms","bb_complete","bb_expanded","bb_generated","optimal","approx_cost","mst_weight","ratio","graph"
5,1,278.082600000062,0.397300000031464,TRUE,8,21,399.871150350594,457.766633744272,239.82062282504,1.14478534733731,"Chennai OSM"
5,2,2.91330000004564,0.200650000010683,TRUE,6,16,411.713179369778,411.713179369778,255.09454469162,1,"Chennai OSM"
5,3,3.20929999998043,0.436750000062602,TRUE,8,19,223.191925883205,233.519207653985,118.659676748598,1.04627085737942,"Chennai OSM"
5,4,4.16330000007292,0.217250000048352,TRUE,9,22,367.156305028768,367.156305028768,238.348915207135,1,"Chennai OSM"
6,1,12.2305000001006,0.508799999977327,TRUE,21,65,447.407421682659,447.407421682659,306.248468269212,1,"Chennai OSM"
6,2,5.5826000000252,0.281400000062604,TRUE,15,45,515.087145698271,525.347399534374,326.69929404703,1.01991945231363,"Chennai OSM"
6,3,4.67200000002777,0.424950000024182,TRUE,12,35,404.744832756235,462.58479542926,270.539955491759,1.14290475873193,"Chennai OSM"
6,4,20.2990999999884,0.341550000030111,TRUE,17,53,541.197675176002,541.197675176002,326.238734353082,1,"Chennai OSM"
7,1,23.6028000000488,0.35330000008571,TRUE,50,167,514.766657789676,514.766657789676,349.723834883412,1,"Chennai OSM"
7,2,44.6312000000262,0.444300000026487,TRUE,78,245,477.15241138869,477.15241138869,271.1073380735,1,"Chennai OSM"
7,3,16.954999999939,0.590150000050471,TRUE,31,112,323.672754180911,323.672754180911,193.13817903873,1,"Chennai OSM"
7,4,36.838800000055,0.336299999958101,TRUE,48,167,518.508516935958,542.580486451797,363.332211755393,1.04642540812654,"Chennai OSM"
8,1,128.584400000022,0.912200000016128,TRUE,159,594,683.099502791204,718.497459323918,466.552663691654,1.05181961981831,"Chennai OSM"
8,2,65.8693999999969,0.392550000071878,TRUE,101,399,623.027212688816,805.484204911832,444.610627006316,1.29285557437464,"Chennai OSM"
8,3,99.7949999999719,0.620000000026266,TRUE,127,478,593.953818859924,658.477565324251,419.282735027117,1.10863428168233,"Chennai OSM"
8,4,110.421100000053,0.888950000046407,TRUE,129,491,556.565785898063,599.448799451944,432.214656163417,1.07704931679314,"Chennai OSM"
9,1,222.371500000008,1.01825000007238,TRUE,219,1037,558.558311037957,569.651663276441,360.068639307884,1.01986068780871,"Chennai OSM"
9,2,46.9407000000501,0.641100000052575,TRUE,47,238,637.712333833496,637.712333833496,442.771650586431,1,"Chennai OSM"
9,3,147.221700000046,0.581350000118164,TRUE,170,778,358.580440621488,465.86320641804,240.351220069402,1.29918744483277,"Chennai OSM"
9,4,589.405200000101,0.76454999998532,TRUE,394,1796,403.074272706765,433.534997108714,238.105291738235,1.07557099637592,"Chennai OSM"
10,1,729.575400000044,0.578150000023925,TRUE,484,2394,597.008028925429,708.318786550783,397.264317772086,1.18644767278207,"Chennai OSM"
10,2,1680.59289999997,0.585450000073706,TRUE,821,3922,609.630095488024,733.406031081453,395.513684745077,1.2030344901105,"Chennai OSM"
10,3,1488.80339999994,0.598599999989347,TRUE,848,3890,611.477355867634,712.011499823201,442.173883979274,1.16441188376129,"Chennai OSM"
10,4,1033.92010000005,0.75035000003254,TRUE,534,2678,501.93904956487,573.939400780122,342.195477042636,1.14344441078587,"Chennai OSM"
11,1,19576.0893,0.890900000058537,TRUE,3378,17284,401.714421413918,450.71062426541,267.863606844493,1.12196774683627,"Chennai OSM"
11,2,2972.40509999995,1.08514999999443,TRUE,975,5421,668.651580607099,776.451818936812,449.173650063691,1.16122034472996,"Chennai OSM"
11,3,4647.69539999998,0.717600000029961,TRUE,1477,7928,615.43844281469,667.804365149983,383.430673588053,1.08508718125537,"Chennai OSM"
11,4,8500.21220000008,0.820099999998547,TRUE,2626,13162,534.16044151301,592.963518347405,336.582406631126,1.11008504611056,"Chennai OSM"
12,1,188463.8411,0.739550000048439,TRUE,8878,46745,773.690760791511,876.606799420877,493.085588001385,1.13301960401347,"Chennai OSM"
12,2,6106.3709,2.27270000004864,TRUE,1075,6557,512.662100795154,583.489352986054,379.31373550619,1.13815581858118,"Chennai OSM"
12,3,3901.85980000012,0.925300000005791,TRUE,752,4938,592.209205316585,709.436144820317,406.829907235731,1.19794852638446,"Chennai OSM"
12,4,14713.0009000001,0.724500000046646,TRUE,1680,10606,656.518522731489,783.477179729599,445.320183384209,1.19338168323095,"Chennai OSM"
13,1,1026538.8121,1.10625000002074,TRUE,16621,98604,691.18847215022,740.001153721847,456.447152670622,1.070621376858,"Chennai OSM"
13,2,700080.5044,1.3318000000595,TRUE,16572,98596,604.457416458009,713.197522317111,395.526873236164,1.17989704964875,"Chennai OSM"
13,3,1463655.0932,0.582000000065364,TRUE,9859,57667,635.14018312661,816.402667039786,446.059356590314,1.28538972769897,"Chennai OSM"
13,4,428298.2771,1.00985000005949,TRUE,3546,23705,663.115333989579,786.181444085925,444.968637715364,1.18558779112516,"Chennai OSM"
