"n","rep","radius","max_set","exact_ms","greedy_ms","exact_size","greedy_size","exact_complete","ratio","harmonic_bound","ln_bound","graph"
20,1,30.3803822646976,6,38.4240000000773,0.0645500000473476,8,8,TRUE,1,2.45,3.99573227355399,"Chennai OSM"
20,2,39.8383621896347,8,0.230700000088291,0.0478000000043721,5,5,TRUE,1,2.71785714285714,3.99573227355399,"Chennai OSM"
20,3,57.3005570282377,7,0.344300000051589,0.0593499999581582,5,5,TRUE,1,2.59285714285714,3.99573227355399,"Chennai OSM"
20,4,67.1031577241354,8,0.150500000017928,0.037149999968733,3,3,TRUE,1,2.71785714285714,3.99573227355399,"Chennai OSM"
20,5,65.6899236220121,9,0.472800000011375,0.0593000000321808,5,5,TRUE,1,2.82896825396825,3.99573227355399,"Chennai OSM"
30,1,30.4205678434901,9,1.3486999999941,0.126600000044164,10,10,TRUE,1,2.82896825396825,4.40119738166216,"Chennai OSM"
30,2,37.0451365512684,11,1.27959999997529,0.0810500000056891,9,10,TRUE,1.11111111111111,3.01987734487734,4.40119738166216,"Chennai OSM"
30,3,51.3786348451898,12,0.719099999855644,0.0704000000268934,7,8,TRUE,1.14285714285714,3.10321067821068,4.40119738166216,"Chennai OSM"
30,4,40.3849648958165,15,0.750899999957255,0.142850000031558,11,11,TRUE,1,3.31822899322899,4.40119738166216,"Chennai OSM"
30,5,48.649990362183,15,0.670700000000579,0.0535000000354557,5,5,TRUE,1,3.31822899322899,4.40119738166216,"Chennai OSM"
40,1,35.0405594766296,10,10.0857999999562,0.170500000024276,9,9,TRUE,1,2.92896825396825,4.68887945411394,"Chennai OSM"
40,2,36.2096118338518,13,5.63020000004144,0.184250000074826,8,9,TRUE,1.125,3.18013375513376,4.68887945411394,"Chennai OSM"
40,3,41.8078567038406,15,11.3985000000412,0.185000000101354,7,8,TRUE,1.14285714285714,3.31822899322899,4.68887945411394,"Chennai OSM"
40,4,44.8293301373011,18,1.39720000004218,0.171550000061416,7,7,TRUE,1,3.49510807819631,4.68887945411394,"Chennai OSM"
40,5,50.5459137140952,21,3.27219999996942,0.158050000038656,5,6,TRUE,1.2,3.64535870476273,4.68887945411394,"Chennai OSM"
50,1,38.1806788905323,14,159.712400000103,0.163000000043212,11,12,TRUE,1.09090909090909,3.25156232656233,4.91202300542815,"Chennai OSM"
50,2,43.401105745241,16,1.64519999998447,0.111550000042371,6,7,TRUE,1.16666666666667,3.38072899322899,4.91202300542815,"Chennai OSM"
50,3,39.4772702094465,17,8.60959999999977,0.162000000045737,8,9,TRUE,1.125,3.43955252264076,4.91202300542815,"Chennai OSM"
50,4,45.9280289744094,18,7.43570000008731,0.185450000117271,6,6,TRUE,1,3.49510807819631,4.91202300542815,"Chennai OSM"
50,5,55.1558575702518,24,11.9988999999805,0.148300000034851,7,8,TRUE,1.14285714285714,3.77595817775351,4.91202300542815,"Chennai OSM"
60,1,35.2354702620909,16,18.1390999999849,0.154950000023746,9,9,TRUE,1,3.38072899322899,5.0943445622221,"Chennai OSM"
60,2,38.5071411183458,20,1696.26270000003,0.160550000089188,10,10,FALSE,1,3.59773965714368,5.0943445622221,"Chennai OSM"
60,3,48.5523163898595,25,48.9383000000316,0.150249999990137,7,8,TRUE,1.14285714285714,3.81595817775351,5.0943445622221,"Chennai OSM"
60,4,45.1850025609836,32,9.9496000000272,0.158000000055836,7,8,TRUE,1.14285714285714,4.05849519543652,5.0943445622221,"Chennai OSM"
60,5,53.1067293269746,34,33.0267000000504,0.151549999998224,7,7,TRUE,1,4.11820999044543,5.0943445622221,"Chennai OSM"
80,1,36.2962401908107,21,331.359600000042,0.24770000004537,10,11,TRUE,1.1,3.64535870476273,5.38202663467388,"Chennai OSM"
80,2,41.4751825099625,24,1782.44829999983,1.21390000003885,9,10,TRUE,1.11111111111111,3.77595817775351,5.38202663467388,"Chennai OSM"
80,3,42.9691436375454,32,898.648500000036,1.3480500000469,8,10,TRUE,1.25,4.05849519543652,5.38202663467388,"Chennai OSM"
80,4,51.6137465845982,38,906.83649999994,1.34025000005522,7,9,TRUE,1.28571428571429,4.22790201329535,5.38202663467388,"Chennai OSM"
80,5,54.703048881349,45,1023.96950000002,1.33900000002996,7,8,TRUE,1.14285714285714,4.39494811555132,5.38202663467388,"Chennai OSM"
100,1,34.4140410354964,24,12808.5308000001,1.81120000007695,12,12,FALSE,1,3.77595817775351,5.60517018598809,"Chennai OSM"
100,2,39.8616433390304,29,13080.5899000001,1.93690000003244,11,11,FALSE,1,3.96165379758706,5.60517018598809,"Chennai OSM"
100,3,45.2757531886362,38,8777.75660000009,0.702550000028168,9,10,FALSE,1.11111111111111,4.22790201329535,5.60517018598809,"Chennai OSM"
100,4,48.3669364071166,45,3975.04300000003,0.428249999970376,8,9,TRUE,1.125,4.39494811555132,5.60517018598809,"Chennai OSM"
100,5,54.0240449977085,57,185.888900000009,0.612200000091434,6,9,TRUE,1.5,4.62901321443235,5.60517018598809,"Chennai OSM"
