"n","family","rep","nodes","edges","exact_ms","approx_ms","exact_size","approx_size","exact_complete","ratio","bnb_nodes","graph"
10,"road",1,10,10,53.1927000000678,0.0069999999823267,5,6,TRUE,1.2,7,"Chennai OSM"
10,"road",2,10,9,0.0755000000935979,0.00360000001364824,4,6,TRUE,1.5,5,"Chennai OSM"
10,"road",3,10,9,0.0620000000708387,0.0197000000525804,4,8,TRUE,2,5,"Chennai OSM"
10,"road",4,10,10,0.0827000000072076,0.00629999999546271,3,6,TRUE,2,4,"Chennai OSM"
10,"random",1,10,15,0.121300000046176,0.00640000007479102,5,8,TRUE,1.6,18,"synthetic"
10,"random",2,10,7,0.0603999999384541,0.0222000000462685,3,6,TRUE,2,4,"synthetic"
10,"random",3,10,12,0.107100000036553,0.00870000008035277,5,8,TRUE,1.6,6,"synthetic"
10,"random",4,10,16,0.329599999986385,0.013000000080865,6,8,TRUE,1.33333333333333,23,"synthetic"
10,"matching",1,10,5,0.0711999999793989,0.0108500000237655,5,10,TRUE,2,6,"synthetic"
10,"matching",2,10,5,0.0521000000617278,0.0182499999823449,5,10,TRUE,2,6,"synthetic"
10,"matching",3,10,5,0.123900000062349,0.00560000012228556,5,10,TRUE,2,6,"synthetic"
10,"matching",4,10,5,0.127399999996669,0.0225000000000364,5,10,TRUE,2,6,"synthetic"
20,"road",1,20,20,0.117100000011305,0.00820000002477173,7,12,TRUE,1.71428571428571,8,"Chennai OSM"
20,"road",2,20,20,0.11260000007951,0.0279500000033295,7,12,TRUE,1.71428571428571,8,"Chennai OSM"
20,"road",3,20,19,0.16660000005686,0.0268500000402128,8,16,TRUE,2,9,"Chennai OSM"
20,"road",4,20,21,0.191800000038711,0.0228000000106476,8,14,TRUE,1.75,10,"Chennai OSM"
20,"random",1,20,27,0.161600000069484,0.00900000009096402,9,16,TRUE,1.77777777777778,10,"synthetic"
20,"random",2,20,26,0.185000000101354,0.00920000002224697,10,20,TRUE,2,14,"synthetic"
20,"random",3,20,29,0.156400000037138,0.0311000000010608,9,16,TRUE,1.77777777777778,10,"synthetic"
20,"random",4,20,26,0.348800000097071,0.00655000002325323,10,18,TRUE,1.8,12,"synthetic"
20,"matching",1,20,10,0.175099999978556,0.00960000011218654,10,20,TRUE,2,11,"synthetic"
20,"matching",2,20,10,0.123400000006768,0.013000000080865,10,20,TRUE,2,11,"synthetic"
20,"matching",3,20,10,0.120400000014342,0.00900000009096402,10,20,TRUE,2,11,"synthetic"
20,"matching",4,20,10,0.166700000022502,0.0300500000207649,10,20,TRUE,2,11,"synthetic"
30,"road",1,30,31,0.133000000005268,0.0100000000315958,13,20,TRUE,1.53846153846154,14,"Chennai OSM"
30,"road",2,30,31,0.331200000005083,0.0199000000407068,12,22,TRUE,1.83333333333333,13,"Chennai OSM"
30,"road",3,30,29,0.306300000033843,0.0148500000136664,12,22,TRUE,1.83333333333333,13,"Chennai OSM"
30,"road",4,30,34,0.254100000006474,0.0120500000662105,12,24,TRUE,2,14,"Chennai OSM"
30,"random",1,30,43,0.764200000048731,0.0112500000568616,15,24,TRUE,1.6,46,"synthetic"
30,"random",2,30,30,0.410999999985506,0.00580000005356851,12,20,TRUE,1.66666666666667,13,"synthetic"
30,"random",3,30,30,0.22100000012415,0.0132000000121479,13,22,TRUE,1.69230769230769,14,"synthetic"
30,"random",4,30,35,0.266399999986788,0.0178500000060922,13,24,TRUE,1.84615384615385,14,"synthetic"
30,"matching",1,30,15,0.267399999984264,0.00660000000607397,15,30,TRUE,2,16,"synthetic"
30,"matching",2,30,15,0.183400000082656,0.0115500000106294,15,30,TRUE,2,16,"synthetic"
30,"matching",3,30,15,0.144800000043688,0.0141500000268024,15,30,TRUE,2,16,"synthetic"
30,"matching",4,30,15,0.590699999975186,0.0274500000045919,15,30,TRUE,2,16,"synthetic"
40,"road",1,40,42,0.683200000025863,0.011600000107137,18,24,TRUE,1.33333333333333,19,"Chennai OSM"
40,"road",2,40,41,0.31720000004043,0.0427500000341752,16,30,TRUE,1.875,17,"Chennai OSM"
40,"road",3,40,40,0.299300000051517,0.0213000000712782,16,28,TRUE,1.75,17,"Chennai OSM"
40,"road",4,40,46,1.18690000010702,0.0148999999964872,18,34,TRUE,1.88888888888889,20,"Chennai OSM"
40,"random",1,40,47,0.274099999955979,0.0146999999515174,19,34,TRUE,1.78947368421053,20,"synthetic"
40,"random",2,40,51,0.437899999951696,0.0138000000333705,18,30,TRUE,1.66666666666667,20,"synthetic"
40,"random",3,40,53,0.627499999950487,0.0145999999858759,18,32,TRUE,1.77777777777778,33,"synthetic"
40,"random",4,40,54,1.9472000000178,0.0153999999952248,19,34,TRUE,1.78947368421053,124,"synthetic"
40,"matching",1,40,20,0.29230000006919,0.0138500000161912,20,40,TRUE,2,21,"synthetic"
40,"matching",2,40,20,0.365900000019792,0.0125000000821274,20,40,TRUE,2,21,"synthetic"
40,"matching",3,40,20,0.27700000009645,0.0137500000505497,20,40,TRUE,2,21,"synthetic"
40,"matching",4,40,20,0.24420000011105,0.0134000000002743,20,40,TRUE,2,21,"synthetic"
50,"road",1,50,53,0.509400000055393,0.0139999999646534,22,30,TRUE,1.36363636363636,23,"Chennai OSM"
50,"road",2,50,51,0.256700000022647,0.0134000000571177,19,36,TRUE,1.89473684210526,20,"Chennai OSM"
50,"road",3,50,54,0.350400000115769,0.014750000048025,22,38,TRUE,1.72727272727273,26,"Chennai OSM"
50,"road",4,50,59,0.354700000002595,0.0152000000639418,22,40,TRUE,1.81818181818182,27,"Chennai OSM"
50,"random",1,50,63,0.740800000016861,0.0166000000376698,22,36,TRUE,1.63636363636364,35,"synthetic"
50,"random",2,50,72,1.15479999999479,0.0121000000490312,24,40,TRUE,1.66666666666667,31,"synthetic"
50,"random",3,50,69,0.520400000027621,0.00970000002098459,23,36,TRUE,1.56521739130435,38,"synthetic"
50,"random",4,50,62,0.568499999985761,0.0209999999469801,22,36,TRUE,1.63636363636364,24,"synthetic"
50,"matching",1,50,25,0.682699999970282,0.0516000000629901,25,50,TRUE,2,26,"synthetic"
50,"matching",2,50,25,1.25209999998788,0.019699999995737,25,50,TRUE,2,26,"synthetic"
50,"matching",3,50,25,0.42760000008002,0.0297999999929743,25,50,TRUE,2,26,"synthetic"
50,"matching",4,50,25,0.659300000052099,0.0312500000063665,25,50,TRUE,2,26,"synthetic"
60,"road",1,60,66,0.663600000052611,0.017000000070766,26,38,TRUE,1.46153846153846,27,"Chennai OSM"
60,"road",2,60,61,0.442100000100254,0.00804999996262268,23,40,TRUE,1.73913043478261,24,"Chennai OSM"
60,"road",3,60,66,0.60120000000552,0.0184000000444939,27,48,TRUE,1.77777777777778,32,"Chennai OSM"
60,"road",4,60,72,0.496600000019498,0.0588999999990847,27,50,TRUE,1.85185185185185,30,"Chennai OSM"
60,"random",1,60,78,0.885100000004968,0.0330000000303698,29,48,TRUE,1.6551724137931,40,"synthetic"
60,"random",2,60,72,0.634800000057112,0.010400000064692,27,44,TRUE,1.62962962962963,29,"synthetic"
60,"random",3,60,88,3.04640000013023,0.045200000101886,30,46,TRUE,1.53333333333333,138,"synthetic"
60,"random",4,60,72,1.32819999998901,0.0514000000180204,27,44,TRUE,1.62962962962963,51,"synthetic"
60,"matching",1,60,30,0.827900000103909,0.051550000023326,30,60,TRUE,2,31,"synthetic"
60,"matching",2,60,30,0.869700000066587,0.0501000000099339,30,60,TRUE,2,31,"synthetic"
60,"matching",3,60,30,0.452900000027512,0.0375500000586726,30,60,TRUE,2,31,"synthetic"
60,"matching",4,60,30,1.48940000008224,0.0537500000064028,30,60,TRUE,2,31,"synthetic"
80,"road",1,80,89,1.93960000001425,0.036099999988437,36,54,TRUE,1.5,38,"Chennai OSM"
80,"road",2,80,85,0.956000000087442,0.0199000000407068,32,58,TRUE,1.8125,33,"Chennai OSM"
80,"road",3,80,90,1.14189999999326,0.0224000000912383,36,58,TRUE,1.61111111111111,37,"Chennai OSM"
80,"road",4,80,95,1.36080000004313,0.0195000000076107,35,62,TRUE,1.77142857142857,43,"Chennai OSM"
80,"random",1,80,102,1.26330000011876,0.0129999999671782,36,62,TRUE,1.72222222222222,38,"synthetic"
80,"random",2,80,129,1.74590000005992,0.0250000000505679,40,70,TRUE,1.75,70,"synthetic"
80,"random",3,80,112,2.22789999997985,0.0135000000227592,39,68,TRUE,1.74358974358974,70,"synthetic"
80,"random",4,80,84,0.569199999972625,0.0119000000040614,34,60,TRUE,1.76470588235294,36,"synthetic"
80,"matching",1,80,40,0.542399999972076,0.0319000000104097,40,80,TRUE,2,41,"synthetic"
80,"matching",2,80,40,0.932700000021214,0.0192000000538428,40,80,TRUE,2,41,"synthetic"
80,"matching",3,80,40,2.7517999999418,0.0382000000627158,40,80,TRUE,2,41,"synthetic"
80,"matching",4,80,40,1.90830000008191,0.0274000000786145,40,80,TRUE,2,41,"synthetic"
