"family","n","trials","empirical","from_p1","theory_bound"
"road",20,1,0.9425,0.941666666666667,0.00526315789473686
"road",20,2,1,0.996597222222222,0.0104986149584488
"road",20,5,1,0.999999324564365,0.0260402352692684
"road",20,10,1,0.999999999999544,0.0514023766856579
"road",20,20,1,1,0.100162549042382
"road",20,50,1,1,0.231913448594851
"road",20,100,1,1,0.410043049550545
"road",20,200,1,1,0.651950796616379
"road",20,400,1,1,0.878861752024027
"road",40,1,0.795,0.786666666666667,0.00128205128205128
"road",40,2,0.955,0.954488888888889,0.00256245890861273
"road",40,5,1,0.999558130936625,0.00639384091436002
"road",40,10,1,0.999999804751731,0.0127468006270819
"road",40,20,1,0.999999999999962,0.0253311203279373
"road",40,50,1,1,0.0621297733291262
"road",40,100,1,1,0.120399437924324
"road",40,200,1,1,0.226302851196154
"road",40,400,1,1,0.4013927219328
"road",80,1,0.955,0.946666666666667,0.000316455696202533
"road",80,2,1,0.997155555555556,0.000632811248197362
"road",80,5,1,0.999999568487243,0.00158127735579794
"road",80,10,1,0.999999999999814,0.00316005427352006
"road",80,20,1,1,0.00631012260402841
"road",80,50,1,1,0.0157007270004228
"road",80,100,1,1,0.0311549411725038
"road",80,200,1,1,0.0613392519855456
"road",80,400,1,1,0.118916000136945
"two_cliques",20,1,0.4725,0.456666666666667,0.00526315789473686
"two_cliques",20,2,0.71,0.704788888888889,0.0104986149584488
"two_cliques",20,5,0.955,0.952648717266255,0.0260402352692684
"two_cliques",20,10,0.9975,0.997757856023469,0.0514023766856579
"two_cliques",20,20,1,0.999994972790389,0.100162549042382
"two_cliques",20,50,1,0.999999999999943,0.231913448594851
"two_cliques",20,100,1,1,0.410043049550545
"two_cliques",20,200,1,1,0.651950796616379
"two_cliques",20,400,1,1,0.878861752024027
"two_cliques",40,1,0.6325,0.635,0.00128205128205128
"two_cliques",40,2,0.8925,0.866775,0.00256245890861273
"two_cliques",40,5,0.995,0.993521651271875,0.00639384091436002
"two_cliques",40,10,1,0.999958030997757,0.0127468006270819
"two_cliques",40,20,1,0.999999998238603,0.0253311203279373
"two_cliques",40,50,1,1,0.0621297733291262
"two_cliques",40,100,1,1,0.120399437924324
"two_cliques",40,200,1,1,0.226302851196154
"two_cliques",40,400,1,1,0.4013927219328
"two_cliques",80,1,0.785,0.778333333333333,0.000316455696202533
"two_cliques",80,2,0.9575,0.950863888888889,0.000632811248197362
"two_cliques",80,5,1,0.999464817439648,0.00158127735579794
"two_cliques",80,10,1,0.999999713579627,0.00316005427352006
"two_cliques",80,20,1,0.999999999999918,0.00631012260402841
"two_cliques",80,50,1,1,0.0157007270004228
"two_cliques",80,100,1,1,0.0311549411725038
"two_cliques",80,200,1,1,0.0613392519855456
"two_cliques",80,400,1,1,0.118916000136945
"cycle",20,1,1,1,0.00526315789473686
"cycle",20,2,1,1,0.0104986149584488
"cycle",20,5,1,1,0.0260402352692684
"cycle",20,10,1,1,0.0514023766856579
"cycle",20,20,1,1,0.100162549042382
"cycle",20,50,1,1,0.231913448594851
"cycle",20,100,1,1,0.410043049550545
"cycle",20,200,1,1,0.651950796616379
"cycle",20,400,1,1,0.878861752024027
"cycle",40,1,1,1,0.00128205128205128
"cycle",40,2,1,1,0.00256245890861273
"cycle",40,5,1,1,0.00639384091436002
"cycle",40,10,1,1,0.0127468006270819
"cycle",40,20,1,1,0.0253311203279373
"cycle",40,50,1,1,0.0621297733291262
"cycle",40,100,1,1,0.120399437924324
"cycle",40,200,1,1,0.226302851196154
"cycle",40,400,1,1,0.4013927219328
"cycle",80,1,1,1,0.000316455696202533
"cycle",80,2,1,1,0.000632811248197362
"cycle",80,5,1,1,0.00158127735579794
"cycle",80,10,1,1,0.00316005427352006
"cycle",80,20,1,1,0.00631012260402841
"cycle",80,50,1,1,0.0157007270004228
"cycle",80,100,1,1,0.0311549411725038
"cycle",80,200,1,1,0.0613392519855456
"cycle",80,400,1,1,0.118916000136945
