"family","n","edges","min_cut_igraph","karger_min_found","per_trial_success","guaranteed_bound","run_ms","trials_for_99pct","graph"
"road",20,21,1,1,0.941666666666667,0.00526315789473684,0.398900000050162,875,"Chennai OSM"
"road",40,50,1,1,0.786666666666667,0.00128205128205128,1.14790000003495,3593,"Chennai OSM"
"road",80,96,1,1,0.946666666666667,0.000316455696202532,1.70779999984916,14553,"Chennai OSM"
"two_cliques",20,92,2,2,0.456666666666667,0.00526315789473684,0.394149999976889,875,"synthetic"
"two_cliques",40,382,2,2,0.635,0.00128205128205128,0.718300000016825,3593,"synthetic"
"two_cliques",80,1562,2,2,0.778333333333333,0.000316455696202532,1.15109999995866,14553,"synthetic"
"cycle",20,20,2,2,1,0.00526315789473684,0.213100000053146,875,"synthetic"
"cycle",40,40,2,2,1,0.00128205128205128,0.458150000042679,3593,"synthetic"
"cycle",80,80,2,2,1,0.000316455696202532,0.878150000062305,14553,"synthetic"
