"experiment","algorithm","n","median_ms","min_ms","mem_kb","iterations","input","comparisons"
"quicksort","randomized",250,0.862100000063037,0.660100000004604,6.2890625,19,"random",2031.6
"quicksort","randomized",500,1.81144999999105,1.50440000004437,2.59375,50,"random",4663.4
"quicksort","randomized",1000,4.61070000005748,3.01230000002306,4.546875,50,"random",11150.8
"quicksort","randomized",2000,9.4579500000691,6.25750000006065,8.453125,50,"random",24605.4
"quicksort","randomized",4000,16.4889000001267,13.2254000000103,16.265625,33,"random",54333.2
"quicksort","deterministic",250,0.240750000045864,0.224900000034722,6.2890625,50,"random",1929
"quicksort","deterministic",500,0.577700000064851,0.484099999994214,2.59375,50,"random",4732
"quicksort","deterministic",1000,1.21380000007321,1.08030000001236,4.546875,50,"random",10686
"quicksort","deterministic",2000,3.8045000000011,2.6161000000684,8.453125,50,"random",27231
"quicksort","deterministic",4000,7.1796500000687,5.25849999996808,16.265625,50,"random",54844
"quicksort","randomized",250,1.51005000003579,0.829100000032668,1.6171875,50,"sorted",1961.8
"quicksort","randomized",500,2.10555000001023,1.71310000007452,2.59375,50,"sorted",4815
"quicksort","randomized",1000,3.46249999989823,3.16939999993338,4.546875,50,"sorted",10919.6
"quicksort","randomized",2000,13.5879499998737,6.82049999988976,8.453125,50,"sorted",24516.4
"quicksort","randomized",4000,23.4354000000394,16.8638000000101,16.265625,33,"sorted",54448.6
"quicksort","deterministic",250,5.3834000000279,3.33230000001095,1.6171875,50,"sorted",31125
"quicksort","deterministic",500,16.6964000000576,13.4162000000515,2.59375,50,"sorted",124750
"quicksort","deterministic",1000,68.7694000000647,52.6595000000043,4.546875,16,"sorted",499500
"quicksort","deterministic",2000,302.838150000071,302.30250000011,8.453125,2,"sorted",1999000
"quicksort","deterministic",4000,990.673199999947,990.673199999947,16.265625,1,"sorted",7998000
"quicksort","randomized",250,1.01185000005444,0.935500000082357,1.6171875,50,"reversed",1949
"quicksort","randomized",500,2.05820000002177,1.91950000009911,2.59375,50,"reversed",4665.4
"quicksort","randomized",1000,4.120950000015,3.81310000000212,4.546875,50,"reversed",10589.2
"quicksort","randomized",2000,8.92555000001494,7.78379999997014,8.453125,50,"reversed",24084.4
"quicksort","randomized",4000,17.4128499999711,15.8363000000463,16.265625,50,"reversed",55406.2
"quicksort","deterministic",250,3.01430000001801,2.9060000000527,1.6171875,49,"reversed",31125
"quicksort","deterministic",500,12.0555000000309,11.0643000000437,2.59375,50,"reversed",124750
"quicksort","deterministic",1000,49.0913500000261,45.8517000000711,4.546875,16,"reversed",499500
"quicksort","deterministic",2000,195.337100000017,181.03700000006,8.453125,4,"reversed",1999000
"quicksort","deterministic",4000,784.896799999956,784.896799999956,16.265625,1,"reversed",7998000
"quicksort","randomized",250,1.66035000000875,0.773800000047231,1.6171875,50,"organ",2013.8
"quicksort","randomized",500,2.04590000004146,1.67070000009062,2.59375,50,"organ",4719.6
"quicksort","randomized",1000,3.92815000003566,3.42370000009851,4.546875,50,"organ",10988.6
"quicksort","randomized",2000,9.25840000007838,7.36880000010842,8.453125,50,"organ",25584.6
"quicksort","randomized",4000,20.1977000000397,15.098200000125,16.265625,50,"organ",55149.8
"quicksort","deterministic",250,0.921100000027764,0.764099999969403,1.6171875,49,"organ",6581
"quicksort","deterministic",500,3.0342499999847,2.86080000000766,2.59375,50,"organ",23140
"quicksort","deterministic",1000,14.6408999999608,11.3538000000517,4.546875,50,"organ",85163
"quicksort","deterministic",2000,44.0111000000343,39.4195999999738,8.453125,20,"organ",323788
"quicksort","deterministic",4000,173.331599999983,165.89040000008,16.265625,5,"organ",1257281
