"experiment","algorithm","n","median_ms","min_ms","mem_kb","iterations","module","theory_time","theory_space"
"algorithm_registry","fractional_knapsack",2000,117.395350000095,116.040800000064,329024.359375,2,"M1","O(n log n)","O(n)"
"algorithm_registry","max_subarray_dc",2000,16.0955000001195,14.6127000000433,0,9,"M1","O(n log n)","O(log n)"
"algorithm_registry","lcs",150,21.2527999999566,15.7454000000143,97.4921875,9,"M2","O(mn)","O(mn)"
"algorithm_registry","knapsack01_dp",60,13.0759999999555,6.04239999995571,199.84375,9,"M2","O(nW)","O(nW)"
"algorithm_registry","tsp_bb_lc",9,112.102500000049,97.3044000000982,19320,2,"M2","O(n!) worst","O(n^2 * frontier)"
"algorithm_registry","tsp_bb_lifo",9,207.98990000003,206.784500000026,2807.734375,2,"M2","O(n!) worst","O(n^3)"
"algorithm_registry","tsp_bb_fifo",8,44884.6123500001,44721.0692000001,108108602.453125,2,"M2","O(n!) worst","O(n^2 * frontier)"
"algorithm_registry","kmp_match",4000,1.23460000003206,1.15690000006907,7.203125,10,"M3","O(n+m)","O(m)"
"algorithm_registry","dijkstra",3000,182.256750000022,174.780900000087,295816.3828125,2,"M4","O((V+E) log V)","O(V+E)"
"algorithm_registry","push_relabel",800,81.543550000049,72.8813000000628,128190.5546875,2,"M4","O(V^3)","O(V)"
"algorithm_registry","bipartite_matching_flow",60,56.2377500000366,42.6795000000766,21152.6328125,4,"M4","O(min(l,r) E)","O(V+E)"
"algorithm_registry","sweep_line",200,71.9506499999625,60.6448999999429,67696.0703125,2,"M5","O((n+k) log n)","O(n+k)"
"algorithm_registry","graham_scan",2000,30.5197999999791,26.0776000000078,274.203125,3,"M5","O(n log n)","O(n)"
"algorithm_registry","randomized_quicksort",2000,16.3390000000163,13.4253000001081,13.125,5,"M6","O(n log n) exp.","O(log n)"
"algorithm_registry","deterministic_quicksort",2000,4.09825000002684,2.80220000001918,13.125,50,"M6","O(n^2) worst","O(log n)"
"algorithm_registry","karger_run",40,1.12865000005513,0.731900000005226,52.890625,6,"M6","O(m alpha(n))","O(n+m)"
"algorithm_registry","vertex_cover_2approx",2000,0.782400000048256,0.216300000033698,22.5234375,20,"M7","O(n+m)","O(n)"
"algorithm_registry","vertex_cover_exact",30,0.144100000056824,0.140500000043176,8.46875,6,"M7","O(2^k)","O(n)"
"algorithm_registry","set_cover_greedy",100,1.31215000004659,0.4718000000139,6.8125,40,"M7","O(S sum|s|)","O(U+S)"
"algorithm_registry","set_cover_exact",40,5.28010000004997,3.55190000004768,16.046875,5,"M7","O(f^k)","O(U)"
"algorithm_registry","tsp_2approx",100,90.7434500000477,71.9544000000951,290018.328125,2,"M7","O(n^2 log n)","O(n)"
